{"cameraMode":{"drawMode":0,"name":"Shaded","section":"Shading Mode"},"sceneLighting":true,"audioPlay":false,"sceneViewState":{"m_AlwaysRefresh":false,"showFog":true,"showSkybox":true,"showFlares":true,"showImageEffects":true,"showParticleSystems":true,"showVisualEffectGraphs":true,"m_FxEnabled":true},"in2DMode":false,"pivot":{"x":-9.712366104125977,"y":-5.946384429931641,"z":74.77434539794922},"rotation":{"x":-0.19674047827720643,"y":0.051725324243307117,"z":-0.010385813191533089,"w":-0.9790471792221069},"size":75.19305419921875,"orthographic":false}